Home,Away
Suriname,Panama
Guatemala,El Savador
Bermuda,Jamaica
Trinidad & Tobago,Curacao
Nicaragua,Costa Rica
Haiti,Honduras
Panama,Guatemala
Salvador,Suriname
Jamaica,Trinidad & Tobago
Curacao,Bermuda
Costa Rica,Haiti
Honduras,Nicaragua
Salvador,Panama
Suriname,Guatemala
Curacao,Jamaica
Bermuda,Trinidad & Tobago
Honduras,Costa Rica
Nicaragua,Haiti
Panama,Suriname
Salvador,Guatemala
Jamaica,Bermuda
Curacao,Trinidad & Tobago
Costa Rica,Nicaragua
Honduras,Haiti
Guatemala,Panama
Suriname,El Savador
Trinidad & Tobago,Jamaica
Bermuda,Curacao
Haiti,Costa Rica
Nicaragua,Honduras
Panama,El Savador
Guatemala,Suriname
Jamaica,Curacao
Trinidad & Tobago,Bermuda
Costa Rica,Honduras
Haiti,Nicaragua
